{"ModelA": {"host": "192.168.56.1", "port": 8000, "last_ping": 1745482827.7682657}, "ModelB": {"host": "192.168.56.1", "port": 8001, "last_ping": 1745482827.7833188}}