{"ModelA": {"host": "192.168.56.1", "port": 8000, "last_ping": 1747596805.4460464}, "ModelB": {"host": "192.168.56.1", "port": 8001, "last_ping": 1747596805.4617136}}