{"ModelA": {"host": "192.168.56.1", "port": 8000, "last_ping": 1747596314.1919022}, "ModelB": {"host": "192.168.56.1", "port": 8001, "last_ping": 1747596314.2150476}}