{"ModelB": {"host": "192.168.56.1", "port": 8001, "last_ping": 1742653813.1150963}, "ModelA": {"host": "192.168.56.1", "port": 8000, "last_ping": 1742653813.1169794}}